Teacher Id,Teacher Ethinicity,Teacher Age,Teacher Tenure,Student Ratio,Education,Teacher Rating,Teacher rating last year,Sick days,Marital status,Gender,Student Grade,Subject,Churn
0001,European,24,12,40,NG,4,2,4,Single,Male,Primary,STEM,Yes
0002,European,56,5,22,NG,4,5,7,Divorced,Binary,Primary,English,Yes
0003,Chinese,51,1,35,PG,5,5,9,Divorced,Male,Secondary,STEM,No
0004,Malay,52,6,40,UG,5,2,3,Married,Male,Primary,STEM,No
0005,Indian,36,10,14,NG,5,3,1,Divorced,Male,Pre-K,STEM,Yes
0006,Indian,27,14,41,NG,4,1,8,Single,Female,Primary,Language,Yes
0007,Indian,37,1,40,NG,5,1,7,Single,Female,Primary,STEM,Yes
0008,Indian,47,10,24,UG,1,3,1,Married,Male,Secondary,English,No
0009,Chinese,58,13,36,PG,3,4,9,Single,Female,Pre-K,STEM,Yes
0010,Chinese,52,14,44,NG,2,1,0,Married,Male,Primary,STEM,No
0011,Malay,28,14,26,UG,3,4,5,Married,Female,Pre-K,English,No
0012,Indian,46,8,32,UG,3,4,3,Divorced,Female,Pre-K,STEM,No
0013,Indian,25,,11,UG,1,3,6,Married,Female,Primary,STEM,No
0014,European,44,4,10,PG,1,2,9,Divorced,Binary,,STEM,No
0015,Chinese,35,2,46,UG,5,5,6,Single,Male,Secondary,English,No
0016,Indian,35,8,38,UG,4,2,0,Divorced,Binary,Primary,Language,No
0017,Malay,28,8,44,PG,3,2,9,Divorced,Binary,Pre-K,Language,No
0018,Indian,51,14,34,PG,1,5,9,Divorced,Female,Primary,STEM,No
0019,Chinese,36,8,30,UG,3,5,9,Married,Female,Secondary,STEM,Yes
0020,Indian,24,10,40,UG,4,5,2,Married,Female,Primary,English,No
0021,Indian,48,1,14,PG,1,5,10,Divorced,Female,Secondary,Language,No
0022,Malay,47,15,31,UG,2,4,9,Married,Female,Primary,Language,No
0023,Indian,36,4,43,NG,1,4,8,Divorced,Binary,Pre-K,STEM,Yes
0024,European,28,10,12,PG,3,3,9,Divorced,Male,Pre-K,English,No
0025,Malay,49,11,18,PG,1,3,10,Married,Binary,Pre-K,STEM,No
0026,European,20,4,45,UG,5,1,6,Married,Binary,Primary,Language,No
0027,Chinese,38,15,19,NG,5,4,1,Single,Female,Primary,STEM,Yes
0028,European,39,2,23,UG,1,5,4,Divorced,Male,Primary,STEM,No
0029,European,57,10,14,NG,4,1,9,Single,Binary,Pre-K,STEM,Yes
0030,Malay,48,13,44,PG,3,2,5,Divorced,Binary,Pre-K,Language,No
0031,Chinese,24,12,47,PG,4,3,8,Single,Female,Secondary,Language,No
0032,European,21,4,33,NG,2,1,9,Single,Binary,Primary,Language,Yes
0033,,47,8,20,UG,3,5,6,Divorced,Male,Secondary,English,Yes
0034,Malay,33,3,0,UG,1,5,8,Married,Male,Secondary,STEM,No
0035,Malay,37,1,16,UG,5,1,8,Married,Female,Pre-K,Language,No
0036,Chinese,24,5,26,NG,1,1,0,Single,Female,Pre-K,STEM,Yes
0037,Malay,50,8,14,NG,2,1,9,Married,Female,Pre-K,English,No
0038,Chinese,49,9,19,UG,3,5,4,Married,Male,Pre-K,English,No
0039,Chinese,50,8,14,PG,5,2,2,Married,Binary,Secondary,Language,No
0040,Chinese,45,12,40,NG,5,3,4,Single,Binary,Secondary,Language,Yes
0041,Chinese,36,4,22,PG,1,3,10,Single,Binary,Primary,Language,Yes
0042,Indian,45,13,50,NG,2,4,0,Divorced,Male,Primary,Language,Yes
0043,European,27,13,44,UG,5,5,8,Married,Binary,Pre-K,English,No
0044,Chinese,53,1,38,UG,3,5,3,Divorced,Male,Primary,STEM,No
0045,Malay,45,7,20,UG,5,1,5,Single,Male,Primary,Language,No
0046,Indian,49,1,34,UG,5,2,2,Married,Female,Primary,English,No
0047,Indian,47,15,10,NG,4,1,3,Married,Male,Secondary,English,No
0048,Chinese,54,13,29,PG,3,5,9,Single,Male,Secondary,English,Yes
0049,Indian,48,1,48,NG,4,4,0,Divorced,Female,Pre-K,STEM,Yes
0050,Indian,24,8,34,NG,4,1,4,Divorced,Female,Secondary,Language,Yes
0051,Chinese,31,9,22,PG,4,3,2,Divorced,Female,Pre-K,English,No
0052,European,39,15,26,NG,1,2,3,Married,Binary,Primary,Language,No
0053,Chinese,31,10,43,PG,1,1,3,Married,Male,Pre-K,English,No
0054,Indian,21,4,12,PG,4,3,10,Married,Female,Pre-K,Language,Yes
0055,Indian,25,6,10,UG,3,1,4,Single,Male,Pre-K,English,No
0056,Chinese,45,13,37,UG,1,4,2,Married,Male,Secondary,Language,No
0057,Malay,34,15,16,NG,1,5,3,Married,Male,Pre-K,Language,No
0058,European,54,14,23,PG,4,3,9,Single,Female,Secondary,Language,No
0059,European,42,7,41,PG,2,3,1,Single,Female,Primary,English,No
0060,,40,1,49,NG,1,2,1,Single,Male,Pre-K,English,Yes
0061,Indian,29,1,35,NG,2,4,7,Divorced,Binary,Pre-K,STEM,Yes
0062,Indian,34,8,49,NG,5,5,6,Divorced,Female,Pre-K,STEM,Yes
0063,Indian,59,6,33,UG,5,4,1,Married,Binary,Primary,English,No
0064,European,51,15,33,PG,1,3,9,Married,Male,Primary,STEM,No
0065,European,43,9,18,PG,4,5,8,Divorced,Male,Secondary,Language,No
0066,European,55,7,28,UG,4,5,0,Divorced,Female,Primary,English,No
0067,European,53,8,35,UG,2,1,1,Married,Female,Primary,English,No
0068,Chinese,39,4,42,PG,2,1,8,Divorced,Female,Pre-K,English,No
0069,European,24,3,18,NG,3,4,2,Divorced,Male,Secondary,Language,Yes
0070,Malay,54,12,11,PG,3,4,6,Divorced,Binary,Primary,Language,No
0071,Indian,48,9,50,PG,3,2,10,Divorced,Female,Primary,English,No
0072,Chinese,26,14,33,PG,2,3,9,Married,Male,Primary,Language,No
0073,Chinese,39,13,41,NG,5,2,10,Single,Male,Secondary,Language,Yes
0074,Malay,57,15,12,UG,3,5,9,Married,Binary,Pre-K,STEM,No
0075,Malay,41,11,44,UG,2,1,0,Married,Binary,Secondary,Language,No
0076,Malay,29,6,18,UG,1,1,6,Divorced,Male,Pre-K,English,No
0077,Chinese,35,14,25,PG,3,3,8,Divorced,Female,Pre-K,English,No
0078,Indian,57,15,10,UG,3,5,7,Single,Male,Pre-K,STEM,Yes
0079,Chinese,36,12,20,NG,3,3,6,Married,Male,Primary,Language,No
0080,Chinese,38,10,48,NG,4,2,9,Married,Binary,Pre-K,English,No
0081,Chinese,42,9,29,PG,5,4,2,Married,Male,Pre-K,English,No
0082,Malay,56,14,12,UG,3,4,3,Married,Binary,Pre-K,English,No
0083,Malay,43,7,50,PG,5,1,6,Single,Female,Pre-K,Language,No
0084,Malay,42,13,15,NG,1,4,10,Divorced,Female,Secondary,STEM,Yes
0085,Malay,26,6,44,UG,5,5,6,Married,Female,Secondary,STEM,No
0086,Chinese,54,11,47,PG,2,1,8,Divorced,Binary,Secondary,Language,No
0087,Indian,26,15,22,PG,1,3,8,Single,Female,Primary,STEM,No
0088,European,21,9,20,NG,4,2,5,Single,Female,Secondary,Language,Yes
0089,Chinese,37,3,48,UG,4,5,3,Single,Male,Secondary,English,No
0090,Indian,38,7,14,NG,3,2,7,Single,Binary,Primary,STEM,Yes
0091,Malay,26,2,44,UG,4,1,,Divorced,Female,Primary,English,No
0092,Malay,56,3,16,UG,1,3,2,Divorced,Female,Secondary,STEM,No
0093,European,30,13,16,PG,5,4,0,Single,Male,Pre-K,Language,No
0094,Chinese,24,13,42,NG,2,2,2,Single,Female,Primary,English,Yes
0095,European,41,13,14,NG,4,5,5,Single,Female,Pre-K,Language,Yes
0096,Malay,46,14,25,UG,5,2,0,Divorced,Female,Pre-K,English,No
0097,Indian,57,15,38,NG,5,5,7,Single,Binary,Secondary,English,Yes
0098,Malay,53,1,14,UG,1,5,5,Single,Binary,Pre-K,Language,No
0099,Chinese,29,3,12,PG,2,2,7,Divorced,Male,Primary,Language,Yes
0100,Chinese,36,12,37,UG,4,4,5,Single,Binary,Pre-K,STEM,No
0101,Chinese,42,7,33,NG,4,3,6,Married,Male,Pre-K,English,No
0102,,49,7,35,NG,4,1,7,Divorced,Male,Primary,STEM,Yes
0103,European,40,11,15,,1,2,2,Single,Binary,Primary,English,Yes
0104,European,54,5,48,PG,4,5,7,Divorced,Female,Primary,STEM,No
0105,Malay,46,1,32,UG,4,1,1,Single,Binary,Primary,Language,No
0106,Indian,52,10,30,UG,5,2,6,Single,Female,Primary,STEM,No
0107,Malay,44,10,26,PG,3,4,6,Married,Male,Pre-K,STEM,No
0108,Malay,40,5,25,NG,1,5,9,Divorced,Binary,Secondary,Language,Yes
0109,Indian,58,7,37,UG,3,4,10,Married,Female,Pre-K,Language,Yes
0110,European,30,15,12,NG,1,5,10,Married,Female,Secondary,STEM,No
0111,Indian,57,14,13,NG,5,4,10,Married,Male,Pre-K,STEM,Yes
0112,European,23,14,33,UG,2,5,3,Divorced,Male,Primary,Language,No
0113,European,58,10,41,NG,1,2,1,Single,Binary,Secondary,English,Yes
0114,Chinese,24,8,16,UG,3,1,4,Married,Binary,Pre-K,Language,No
0115,European,21,8,14,UG,2,3,10,Divorced,Female,Pre-K,Language,No
0116,European,60,10,46,PG,5,1,9,Divorced,Male,Secondary,English,No
0117,Malay,37,1,31,NG,5,2,7,Single,Male,Primary,STEM,Yes
0118,Indian,32,3,47,PG,4,5,10,Divorced,Male,Pre-K,STEM,No
0119,Chinese,34,7,25,NG,4,1,0,Single,Binary,Secondary,STEM,Yes
0120,European,34,13,13,UG,5,3,7,Married,Male,Pre-K,STEM,No
0121,Indian,54,12,35,UG,1,5,6,Married,Female,Primary,English,No
0122,European,38,1,29,PG,2,1,2,Married,Binary,Primary,Language,Yes
0123,Malay,49,4,18,PG,5,3,1,Married,Male,Primary,Language,Yes
0124,Indian,24,8,33,PG,2,2,3,Divorced,Binary,Primary,English,No
0125,Indian,47,11,13,UG,3,5,0,Divorced,Male,Primary,STEM,No
0126,Indian,26,7,42,NG,4,2,6,Married,Female,Secondary,English,No
0127,Indian,53,9,28,NG,3,2,9,Married,Female,Pre-K,English,No
0128,Indian,29,8,42,UG,4,5,1,Married,Binary,Pre-K,STEM,No
0129,Chinese,33,3,13,UG,4,5,0,Single,Binary,Pre-K,English,No
0130,European,47,11,32,NG,1,3,5,Divorced,Binary,Pre-K,English,Yes
0131,Chinese,49,7,15,NG,5,2,6,Married,Male,Pre-K,English,No
0132,European,22,12,33,NG,5,1,9,Married,Binary,Secondary,Language,No
0133,Chinese,55,11,14,UG,4,1,2,Single,Binary,Pre-K,English,No
0134,Chinese,52,12,34,UG,2,2,1,Divorced,Female,Primary,STEM,No
0135,Malay,58,6,16,PG,1,1,7,Divorced,Binary,Secondary,Language,No
0136,Malay,48,1,13,PG,4,4,6,Married,Female,Primary,English,No
0137,European,41,10,31,PG,4,5,10,Married,Male,Secondary,STEM,No
0138,Indian,58,15,32,PG,1,1,1,Single,Female,Primary,English,No
0139,European,26,3,48,PG,2,1,10,Divorced,Female,Pre-K,Language,Yes
0140,Malay,49,4,45,UG,3,1,6,Divorced,Female,Primary,English,No
0141,Malay,25,4,25,PG,3,1,7,Single,Binary,Pre-K,English,No
0142,Indian,39,15,50,UG,5,1,8,Single,Female,Secondary,Language,No
0143,Chinese,49,9,27,UG,4,3,5,Divorced,Male,Secondary,English,No
0144,Chinese,31,12,42,NG,4,5,8,Single,Female,Primary,Language,Yes
0145,Malay,49,11,32,NG,3,1,8,Married,Female,Secondary,Language,No
0146,European,21,3,49,NG,2,4,3,Divorced,Binary,Secondary,STEM,Yes
0147,Chinese,34,3,20,NG,5,1,0,Married,Binary,Secondary,STEM,No
0148,,47,10,17,NG,4,1,4,Single,Female,Primary,English,Yes
0149,Malay,26,1,40,UG,4,4,5,Single,Male,Pre-K,STEM,Yes
0150,European,23,14,26,PG,5,3,5,Married,Binary,Secondary,English,No
0151,Chinese,20,15,42,NG,2,5,6,Single,Male,Primary,STEM,Yes
0152,European,58,13,40,NG,5,1,1,Divorced,Binary,Primary,English,Yes
0153,European,41,14,21,UG,3,5,5,Married,Female,Secondary,STEM,Yes
0154,Chinese,55,10,42,PG,3,5,0,Divorced,Binary,Primary,STEM,No
0155,Malay,57,13,28,NG,4,1,2,Single,Male,Primary,Language,Yes
0156,European,48,2,29,PG,1,1,10,Divorced,Male,Secondary,STEM,No
0157,Malay,52,10,41,PG,3,4,2,Single,Female,Primary,English,No
0158,Indian,53,9,31,PG,5,3,10,Single,Female,Pre-K,English,No
0159,Chinese,57,3,44,NG,3,5,5,Single,Male,Primary,STEM,Yes
0160,Malay,34,6,33,UG,3,1,4,Divorced,Binary,Secondary,Language,No
0161,Indian,34,3,28,PG,2,4,3,Single,Binary,Secondary,STEM,No
0162,European,52,12,21,UG,2,3,7,Single,Female,Pre-K,STEM,Yes
0163,Indian,41,9,22,PG,1,1,4,Divorced,Female,Primary,Language,No
0164,Indian,32,6,14,NG,5,4,10,Single,Male,Pre-K,English,Yes
0165,Chinese,57,6,40,PG,2,5,7,Married,Binary,Pre-K,English,No
0166,European,35,14,43,PG,3,1,6,Single,Binary,Pre-K,Language,No
0167,Malay,29,4,15,NG,5,1,6,Single,Binary,Pre-K,English,Yes
0168,European,27,12,14,UG,4,1,5,Single,Binary,Pre-K,Language,No
0169,European,52,8,17,UG,3,5,4,Single,Female,Primary,English,No
0170,Indian,39,11,17,UG,1,1,5,Married,Binary,Pre-K,STEM,No
0171,Chinese,53,2,29,NG,2,3,6,Single,Female,Primary,English,Yes
0172,Malay,37,2,49,UG,5,5,4,Single,Male,Pre-K,STEM,Yes
0173,Chinese,43,3,12,UG,3,4,9,Single,Male,Pre-K,STEM,No
0174,Malay,39,9,29,PG,1,3,2,Single,Female,Secondary,English,No
0175,Malay,37,9,16,NG,1,5,4,Married,Male,Pre-K,English,No
0176,European,22,11,33,UG,4,2,6,Married,Male,Pre-K,Language,No
0177,Chinese,53,6,20,NG,3,3,7,Single,Binary,Secondary,Language,Yes
0178,Chinese,44,4,43,NG,4,3,1,Divorced,Male,Pre-K,English,Yes
0179,European,39,8,34,PG,5,4,2,Married,Binary,Primary,STEM,No
0180,Chinese,43,8,28,NG,2,3,8,Married,Female,Secondary,STEM,No
0181,European,26,4,29,UG,3,5,9,Married,Male,Pre-K,Language,No
0182,Chinese,34,1,47,NG,4,3,9,Divorced,Binary,Secondary,STEM,Yes
0183,Indian,49,15,36,NG,4,4,7,Married,Female,Primary,Language,No
0184,Chinese,34,15,35,UG,2,5,2,Single,Male,Pre-K,English,No
0185,Chinese,44,4,36,NG,4,4,5,Divorced,Female,Secondary,Language,Yes
0186,European,49,14,25,NG,4,3,1,Divorced,Female,Primary,English,Yes
0187,European,29,5,21,PG,1,5,7,Divorced,Binary,,Language,Yes
0188,European,49,12,22,PG,1,4,0,Single,Female,Pre-K,English,No
0189,Chinese,40,1,27,NG,3,5,2,Married,Binary,Secondary,Language,Yes
0190,Chinese,27,11,41,UG,4,3,2,Married,Female,Secondary,STEM,No
0191,Indian,56,4,44,UG,1,3,10,Divorced,Female,Pre-K,STEM,No
0192,European,56,9,30,UG,3,4,7,Single,Male,Secondary,Language,Yes
0193,Chinese,42,14,15,UG,5,1,6,Married,Male,Pre-K,Language,No
0194,Chinese,48,5,33,NG,2,1,10,Divorced,Male,Pre-K,STEM,Yes
0195,Malay,44,4,27,UG,4,4,3,Divorced,Binary,Primary,STEM,No
0196,Chinese,39,2,41,PG,3,5,10,Married,Male,Secondary,Language,Yes
0197,Malay,52,4,31,NG,5,4,8,Single,Binary,Primary,Language,Yes
0198,Chinese,31,10,50,PG,5,3,4,Married,Male,Secondary,English,No
0199,European,33,2,40,UG,3,2,9,Married,Male,Secondary,English,No
0200,Chinese,59,12,45,NG,5,5,5,Single,Binary,Primary,English,Yes
0201,Malay,56,6,13,PG,3,2,5,Single,Binary,Pre-K,STEM,No
0202,Indian,36,7,18,PG,1,1,10,Married,Male,Primary,Language,No
0203,Indian,37,8,16,NG,3,3,1,Married,Binary,Secondary,STEM,Yes
0204,Indian,44,6,17,PG,5,4,1,Single,Male,Pre-K,English,No
0205,European,29,4,32,NG,1,4,1,Divorced,Female,Pre-K,Language,Yes
0206,European,29,9,11,PG,2,1,7,Single,Binary,Pre-K,Language,No
0207,European,49,12,38,UG,4,4,9,Married,Binary,Primary,STEM,No
0208,European,23,1,40,UG,1,3,1,Single,Male,Pre-K,English,No
0209,Indian,53,11,15,UG,2,3,10,Single,Binary,Pre-K,English,No
0210,Chinese,29,12,25,PG,5,1,1,Divorced,Female,Primary,STEM,No
0211,Chinese,33,3,24,NG,3,3,4,Single,Male,Pre-K,Language,Yes
0212,Indian,53,10,48,PG,1,3,9,Divorced,Male,Pre-K,STEM,No
0213,Chinese,47,1,12,NG,5,4,1,Married,Female,Primary,STEM,No
0214,European,39,1,24,PG,4,4,3,Single,Female,Pre-K,Language,Yes
0215,Malay,22,14,49,NG,2,3,2,Single,Binary,Primary,Language,Yes
0216,Indian,54,13,11,NG,3,1,10,Married,Male,Secondary,STEM,No
0217,European,54,4,43,NG,4,1,8,Single,Binary,Secondary,English,Yes
0218,European,43,5,31,NG,4,2,6,Single,Female,Primary,STEM,Yes
0219,Malay,56,14,15,UG,5,5,10,Single,Binary,Pre-K,STEM,No
0220,Malay,30,13,36,NG,3,1,4,Single,Female,Pre-K,Language,Yes
0221,European,49,7,50,NG,3,4,9,Married,Male,Pre-K,STEM,No
0222,Indian,36,11,31,NG,4,4,7,Divorced,Binary,Secondary,English,Yes
0223,Malay,56,3,35,NG,4,3,0,Married,Female,Primary,Language,No
0224,Malay,41,3,33,PG,2,4,1,Married,Male,Secondary,STEM,No
0225,Indian,27,13,34,PG,2,1,9,Single,Male,Primary,Language,No
0226,Malay,44,14,45,PG,2,5,7,Divorced,Female,Primary,English,No
0227,European,52,8,19,UG,1,5,8,Divorced,Female,Primary,English,No
0228,Indian,42,13,29,NG,5,3,10,Single,Male,Pre-K,STEM,Yes
0229,Indian,47,10,49,NG,3,3,6,Single,Male,Pre-K,STEM,Yes
0230,Indian,39,4,37,UG,4,5,6,Married,Male,Secondary,STEM,No
0231,Malay,49,2,50,PG,2,4,10,Single,Binary,Secondary,Language,No
0232,Indian,58,15,10,NG,2,5,9,Married,Binary,Primary,English,No
0233,,24,11,15,UG,5,1,2,Divorced,Female,Primary,STEM,No
0234,European,22,4,14,UG,5,3,9,Single,Binary,Pre-K,STEM,No
0235,Indian,42,1,20,PG,3,1,3,Single,Binary,Secondary,Language,No
0236,Chinese,44,8,45,NG,1,4,1,Married,Binary,Secondary,English,No
0237,European,34,15,27,UG,3,2,9,Married,Male,Primary,English,No
0238,European,23,1,38,UG,2,5,6,Married,Female,Secondary,Language,No
0239,Malay,37,12,29,PG,4,5,3,Married,Binary,Primary,STEM,No
0240,Malay,36,5,48,NG,5,2,6,Married,Female,Secondary,Language,No
0241,Chinese,42,14,42,NG,1,3,8,Married,Female,Pre-K,STEM,No
0242,Chinese,33,5,33,PG,1,3,4,Divorced,Binary,Pre-K,English,No
0243,Chinese,47,14,33,UG,5,1,7,Single,Male,Primary,English,No
0244,Indian,54,15,37,UG,3,3,6,Divorced,Male,Secondary,STEM,Yes
0245,Chinese,54,2,31,UG,5,4,3,Married,Female,Primary,STEM,No
0246,Malay,54,11,39,PG,1,5,8,Single,Female,Secondary,STEM,No
0247,Malay,24,12,47,UG,4,1,7,Married,Male,Pre-K,STEM,No
0248,European,20,8,43,PG,3,4,8,Divorced,Female,Primary,STEM,No
0249,Indian,27,7,35,PG,2,1,2,Single,Binary,Pre-K,STEM,No
0250,European,58,2,26,UG,2,2,7,Married,Female,Pre-K,English,No
0251,Indian,37,15,41,UG,1,4,5,Divorced,Male,Primary,Language,No
0252,Malay,60,9,13,UG,5,1,4,Divorced,Binary,Secondary,English,No
0253,Malay,44,9,31,PG,2,4,0,Divorced,Female,Pre-K,Language,No
0254,European,28,10,15,NG,5,3,10,Single,Male,Secondary,Language,Yes
0255,European,36,4,15,PG,2,5,9,Divorced,Female,Pre-K,Language,Yes
0256,Malay,55,14,40,PG,5,1,7,Single,Female,Pre-K,Language,No
0257,Malay,51,7,48,PG,2,5,10,Divorced,Binary,Pre-K,Language,No
0258,European,54,11,11,UG,4,1,8,Single,Binary,Primary,STEM,No
0259,European,29,14,16,PG,2,4,10,Single,Binary,Pre-K,Language,No
0260,European,44,4,22,PG,1,5,1,Divorced,Female,Primary,Language,Yes
0261,European,57,4,29,NG,3,1,8,Divorced,Binary,Secondary,STEM,Yes
0262,Indian,42,4,15,NG,1,2,3,Divorced,Binary,Secondary,STEM,Yes
0263,Chinese,27,14,36,PG,2,2,10,Single,Binary,Pre-K,Language,No
0264,Chinese,48,3,18,NG,3,2,3,Divorced,Female,Pre-K,STEM,Yes
0265,Chinese,28,2,32,UG,3,1,6,Single,Male,Primary,English,No
0266,Chinese,38,8,46,UG,1,3,4,Single,Female,Secondary,English,No
0267,Indian,42,8,39,NG,2,4,0,Single,Female,Primary,Language,Yes
0268,Malay,44,12,39,NG,3,4,8,Married,Female,Secondary,STEM,Yes
0269,Chinese,28,5,11,UG,3,1,1,Single,Female,Secondary,Language,No
0270,Indian,41,7,21,PG,1,3,8,Married,Female,Secondary,English,No
0271,Malay,48,12,35,NG,3,4,8,Single,Female,Pre-K,Language,Yes
0272,Indian,56,1,49,NG,1,1,5,Divorced,Binary,Secondary,English,Yes
0273,Indian,32,10,41,PG,4,2,2,Married,Male,Pre-K,Language,No
0274,Malay,60,1,27,UG,3,1,10,Divorced,Male,Primary,English,No
0275,Chinese,28,14,50,PG,2,2,3,Divorced,Male,Secondary,STEM,No
0276,European,37,13,23,NG,1,2,2,Married,Binary,Pre-K,STEM,No
0277,Indian,55,13,11,NG,3,3,10,Married,Binary,Primary,Language,No
0278,Chinese,34,8,50,NG,1,1,8,Divorced,Binary,Pre-K,STEM,Yes
0279,Malay,38,3,35,NG,4,2,1,Single,Binary,Primary,English,Yes
0280,Chinese,57,11,38,PG,2,1,7,Single,Male,Pre-K,English,No
0281,Malay,56,9,38,UG,5,2,8,Single,Binary,Secondary,Language,No
0282,Malay,26,14,38,UG,5,3,10,Married,Male,Pre-K,English,No
0283,Chinese,41,14,27,NG,1,5,3,Married,Binary,Pre-K,Language,No
0284,Chinese,54,12,12,PG,1,3,8,Single,Female,Pre-K,English,No
0285,European,39,6,43,NG,4,5,1,Divorced,Female,Primary,STEM,Yes
0286,Malay,56,2,48,NG,3,4,9,Divorced,Binary,Secondary,English,Yes
0287,European,52,14,41,PG,2,3,2,Married,Binary,Primary,STEM,No
0288,European,49,1,27,UG,4,4,0,Single,Binary,Primary,English,No
0289,Malay,46,5,32,NG,4,3,2,Single,Male,Pre-K,English,Yes
0290,Chinese,53,7,20,PG,4,1,3,Divorced,Male,Primary,English,No
0291,Malay,36,1,40,NG,5,5,9,Divorced,Male,Primary,Language,Yes
0292,Chinese,60,11,35,NG,5,2,8,Single,Female,Secondary,STEM,Yes
0293,Chinese,39,12,16,UG,4,4,10,Married,Female,Primary,STEM,No
0294,Malay,47,10,32,PG,4,5,8,Single,Female,Secondary,Language,No
0295,European,43,12,21,NG,1,5,3,Divorced,Binary,Pre-K,Language,Yes
0296,Malay,24,3,20,NG,3,1,10,Divorced,Male,Secondary,Language,Yes
0297,European,56,9,17,UG,2,4,8,Divorced,Male,Primary,English,No
0298,Indian,22,1,15,UG,2,2,9,Married,Female,Pre-K,Language,No
0299,Indian,45,15,29,PG,3,3,2,Divorced,Male,Primary,English,No
0300,Indian,38,6,38,NG,2,1,9,Divorced,Male,Primary,English,Yes
0301,Indian,46,10,10,PG,3,3,1,Married,Binary,Secondary,English,Yes
0302,Indian,56,9,47,PG,2,2,3,Divorced,Female,Primary,English,No
0303,European,41,15,50,UG,5,4,10,Divorced,Male,Secondary,English,No
0304,Malay,34,7,45,UG,3,4,7,Divorced,Male,Secondary,English,Yes
0305,European,43,12,33,PG,3,2,9,Single,Male,Pre-K,Language,No
0306,Malay,44,1,41,UG,4,4,10,Single,Female,Secondary,Language,No
0307,Malay,29,15,33,PG,2,4,3,Married,Male,Secondary,English,No
0308,European,29,9,15,UG,4,2,10,Married,Male,Pre-K,English,No
0309,Malay,26,13,13,NG,2,2,5,Divorced,Binary,Secondary,Language,Yes
0310,European,38,15,10,UG,2,2,3,Single,Binary,Secondary,Language,No
0311,Indian,58,12,38,UG,3,5,1,Single,Binary,Pre-K,English,No
0312,Chinese,42,15,38,UG,5,3,8,Divorced,Binary,Pre-K,STEM,No
0313,Chinese,38,4,17,NG,2,4,6,Divorced,Binary,Secondary,STEM,Yes
0314,European,56,2,49,UG,3,4,3,Married,Male,Secondary,Language,Yes
0315,Malay,51,13,10,PG,1,2,1,Married,Male,Pre-K,English,No
0316,Malay,58,1,40,UG,2,4,4,Married,Male,Pre-K,STEM,No
0317,Indian,29,9,17,NG,2,3,5,Divorced,Male,Secondary,Language,Yes
0318,Malay,60,15,39,PG,1,4,1,Divorced,Male,Pre-K,English,No
0319,Indian,55,8,30,UG,4,4,0,Single,Male,Pre-K,STEM,No
0320,Indian,30,10,14,NG,5,4,4,Married,Binary,Primary,STEM,No
0321,European,41,12,41,PG,4,2,3,Divorced,Male,Primary,English,No
0322,Chinese,36,14,47,PG,3,4,4,Married,Binary,Primary,Language,No
0323,Chinese,27,11,41,NG,2,3,10,Single,Binary,Pre-K,STEM,Yes
0324,European,38,9,43,NG,2,2,1,Married,Binary,Primary,English,No
0325,Chinese,41,7,46,NG,3,4,8,Married,Binary,Pre-K,STEM,No
0326,Malay,49,6,44,NG,5,5,8,Married,Male,Primary,Language,No
0327,Chinese,23,5,31,PG,5,3,3,Single,Male,Pre-K,Language,Yes
0328,Indian,37,2,30,PG,1,1,5,Single,Binary,Pre-K,English,No
0329,European,34,4,50,PG,3,3,5,Married,Male,Pre-K,English,No
0330,Chinese,55,8,41,UG,3,3,10,Single,Female,Primary,English,No
0331,Chinese,60,1,13,NG,5,2,8,Single,Binary,Pre-K,STEM,Yes
0332,European,54,12,31,PG,4,2,5,Divorced,Male,Secondary,English,No
0333,Indian,31,8,40,PG,3,1,10,Single,Male,Pre-K,English,No
0334,European,33,7,37,PG,4,4,1,Married,Binary,Pre-K,English,No
0335,European,23,10,11,UG,4,2,10,Married,Male,Primary,Language,No
0336,Malay,44,1,44,PG,1,2,2,Single,Female,Pre-K,Language,Yes
0337,European,31,1,13,UG,1,3,8,Single,Binary,Secondary,Language,No
0338,Chinese,34,6,42,UG,3,2,10,Single,Binary,Primary,STEM,Yes
0339,Malay,33,11,34,UG,1,4,9,Divorced,Male,Secondary,Language,No
0340,European,22,14,36,UG,3,5,2,Single,Male,Secondary,STEM,Yes
0341,Chinese,43,3,28,NG,3,3,0,Married,Male,Primary,English,No
0342,Chinese,55,8,30,UG,3,2,8,Married,Binary,Primary,Language,No
0343,Chinese,21,5,19,UG,2,5,6,Married,Binary,Pre-K,English,No
0344,Indian,48,2,22,NG,5,3,1,Married,Male,Primary,English,No
0345,Chinese,55,9,11,NG,3,2,1,Married,Male,Pre-K,Language,No
0346,Indian,20,6,16,NG,2,1,4,Married,Male,Pre-K,Language,No
0347,,41,13,30,PG,2,2,5,Married,Male,Pre-K,English,No
0348,Malay,30,3,24,PG,1,5,7,Divorced,Binary,Primary,English,No
0349,Chinese,23,13,24,NG,2,3,9,Divorced,Female,Secondary,English,Yes
0350,European,60,3,12,UG,5,1,7,Married,Male,Secondary,Language,No
0351,European,22,1,45,NG,2,2,1,Married,Binary,Primary,STEM,No
0352,Indian,60,5,19,UG,4,4,7,Married,Male,Primary,STEM,Yes
0353,Malay,57,14,36,NG,2,4,5,Single,Binary,Pre-K,STEM,Yes
0354,Indian,35,4,46,UG,2,2,10,Divorced,Binary,Secondary,English,No
0355,Indian,32,6,50,NG,5,4,1,Married,Female,Secondary,English,No
0356,Indian,20,14,39,PG,4,1,8,Married,Female,Pre-K,English,No
0357,Chinese,29,2,30,UG,2,2,8,Divorced,Male,Primary,English,No
0358,Indian,34,9,28,NG,5,3,4,Married,Female,Primary,STEM,No
0359,Chinese,21,15,16,UG,1,5,3,Married,Male,Secondary,English,No
0360,Chinese,38,5,48,NG,4,3,5,Single,Female,Pre-K,Language,Yes
0361,Chinese,51,15,40,NG,4,1,9,Married,Binary,Primary,Language,No
0362,Indian,48,13,32,NG,5,3,3,Married,Female,Secondary,STEM,No
0363,Indian,55,2,31,PG,1,4,4,Divorced,Male,Secondary,English,No
0364,Chinese,48,4,50,UG,3,3,0,Divorced,Male,Secondary,English,Yes
0365,European,48,3,13,NG,5,5,2,Married,Female,Secondary,STEM,No
0366,Indian,35,7,31,NG,3,1,1,Married,Binary,Secondary,English,No
0367,Malay,24,8,24,UG,3,4,3,Married,Binary,Pre-K,English,No
0368,Indian,30,12,16,NG,1,3,7,Married,Binary,Primary,English,No
0369,Chinese,35,1,30,PG,2,1,9,Single,Binary,Pre-K,English,No
0370,Indian,27,12,45,UG,2,2,3,Married,Male,Secondary,English,No
0371,European,46,7,14,UG,5,3,4,Married,Binary,Pre-K,STEM,No
0372,Indian,46,10,20,NG,1,4,2,Married,Binary,Primary,Language,No
0373,Chinese,34,14,41,NG,4,2,8,Divorced,Female,Pre-K,STEM,Yes
0374,Chinese,20,7,37,UG,1,4,3,Single,Binary,Pre-K,Language,Yes
0375,Chinese,28,14,31,PG,5,5,6,Single,Male,Pre-K,Language,No
0376,Malay,56,7,47,UG,3,4,4,Married,Female,Primary,English,No
0377,Malay,41,1,38,UG,1,2,2,Married,Binary,Pre-K,English,No
0378,Indian,52,5,26,UG,4,2,10,Single,Binary,Secondary,STEM,No
0379,Malay,57,11,25,NG,5,5,2,Divorced,Female,Pre-K,STEM,Yes
0380,Indian,32,9,42,NG,2,4,0,Single,Female,Pre-K,STEM,Yes
0381,European,27,4,29,UG,3,3,7,Divorced,Binary,Secondary,Language,Yes
0382,Chinese,37,15,48,PG,2,2,3,Single,Male,Pre-K,Language,No
0383,Indian,37,2,42,NG,2,1,10,Divorced,Female,Pre-K,English,Yes
0384,Chinese,45,12,19,PG,4,3,7,Married,Binary,Pre-K,STEM,No
0385,Indian,51,5,10,NG,1,2,8,Single,Binary,Primary,STEM,Yes
0386,Malay,28,9,39,UG,4,3,2,Divorced,Binary,Primary,English,No
0387,Malay,35,7,12,UG,5,4,0,Divorced,Female,Primary,English,No
0388,Malay,35,13,49,NG,2,1,0,Single,Male,Primary,English,Yes
0389,Chinese,20,1,11,NG,3,4,2,Single,Male,Pre-K,Language,Yes
0390,Malay,55,2,11,NG,2,5,9,Married,Female,Secondary,Language,No
0391,Chinese,24,10,17,UG,2,1,9,Single,Binary,Secondary,STEM,No
0392,Malay,41,6,31,UG,5,5,10,Married,Binary,Secondary,Language,No
0393,Indian,43,4,36,UG,3,3,8,Married,Male,Primary,Language,No
0394,European,35,13,23,PG,4,5,9,Divorced,Male,Secondary,Language,No
0395,Chinese,21,12,14,PG,2,5,5,Married,Female,Primary,English,No
0396,Chinese,28,15,14,PG,1,2,5,Married,Binary,Pre-K,STEM,No
0397,Malay,59,9,21,UG,2,3,5,Divorced,Female,Secondary,STEM,No
0398,Indian,28,11,19,UG,3,4,5,Married,Male,Secondary,Language,Yes
0399,Chinese,54,12,35,PG,1,5,4,Divorced,Female,Primary,Language,No
0400,Indian,23,12,20,PG,1,2,4,Divorced,Binary,Primary,Language,No
0401,Malay,52,9,44,PG,5,5,0,Single,Male,Primary,STEM,Yes
0402,Chinese,50,12,25,UG,3,4,1,Single,Male,Pre-K,STEM,No
0403,Malay,25,4,39,UG,1,1,2,Single,Male,Pre-K,STEM,No
0404,Malay,26,13,18,UG,4,4,3,Divorced,Male,Pre-K,STEM,No
0405,Indian,22,13,35,PG,5,5,3,Single,Female,Pre-K,English,No
0406,Malay,25,12,32,UG,2,5,0,Single,Binary,Primary,STEM,No
0407,Chinese,31,3,29,PG,3,2,8,Married,Female,Pre-K,English,No
0408,Indian,42,6,42,PG,1,2,10,Single,Female,Pre-K,English,No
0409,Malay,20,11,20,PG,1,3,4,Married,Female,Secondary,English,No
0410,Chinese,28,3,13,NG,1,2,0,Single,Male,Secondary,STEM,Yes
0411,Chinese,29,2,50,PG,1,1,9,Single,Female,Pre-K,STEM,Yes
0412,Chinese,27,1,16,NG,1,1,10,Single,Female,Pre-K,English,Yes
0413,Chinese,58,7,44,NG,4,3,8,Single,Male,Secondary,English,Yes
0414,Malay,25,15,49,NG,2,1,8,Single,Binary,Pre-K,STEM,Yes
0415,Chinese,54,2,35,PG,4,2,5,Divorced,Male,Primary,English,No
0416,European,47,7,45,PG,4,2,10,Married,Binary,Secondary,Language,No
0417,Malay,42,11,12,PG,4,2,0,Married,Male,Pre-K,English,No
0418,Malay,47,15,14,UG,4,4,6,Single,Binary,Pre-K,English,No
0419,Chinese,44,9,13,NG,5,2,5,Divorced,Female,Secondary,STEM,Yes
0420,Chinese,45,2,49,UG,3,1,3,Single,Binary,Secondary,STEM,Yes
0421,Malay,48,11,31,PG,1,1,9,Single,Binary,Primary,STEM,No
0422,Malay,55,12,42,NG,4,3,4,Divorced,Male,Secondary,Language,Yes
0423,Malay,35,1,24,UG,3,3,3,Married,Male,Secondary,STEM,Yes
0424,Malay,26,8,38,UG,2,2,9,Divorced,Male,Primary,Language,No
0425,European,38,3,16,UG,4,3,0,Divorced,Binary,Secondary,STEM,No
0426,European,47,6,19,NG,2,1,7,Married,Male,Primary,STEM,No
0427,Indian,36,7,34,PG,2,5,1,Divorced,Binary,Pre-K,English,No
0428,European,32,7,20,UG,3,2,9,Single,Binary,Primary,STEM,No
0429,European,28,8,33,NG,5,3,5,Divorced,Male,Secondary,STEM,Yes
0430,Chinese,24,12,13,UG,5,3,9,Married,Binary,Primary,Language,No
0431,European,52,14,22,NG,5,5,6,Single,Binary,Primary,STEM,Yes
0432,Malay,22,3,32,PG,4,1,9,Married,Binary,Primary,Language,Yes
0433,Malay,23,12,15,NG,2,1,1,Single,Male,Primary,STEM,Yes
0434,European,56,2,14,NG,4,4,8,Divorced,Binary,Secondary,STEM,Yes
0435,Malay,58,15,22,UG,4,4,6,Divorced,Female,Primary,STEM,No
0436,European,38,8,39,UG,3,1,10,Single,Binary,Pre-K,English,No
0437,Indian,39,12,24,UG,1,2,8,Single,Binary,Primary,STEM,Yes
0438,Chinese,32,2,44,NG,2,4,7,Divorced,Female,Primary,English,Yes
0439,Indian,55,9,25,UG,2,1,1,Married,Female,Secondary,English,No
0440,Chinese,59,14,26,NG,3,5,10,Divorced,Female,Secondary,English,Yes
0441,Malay,34,4,27,NG,5,4,0,Divorced,Male,Primary,STEM,Yes
0442,European,41,13,40,NG,4,5,8,Single,Male,Secondary,STEM,Yes
0443,Indian,57,6,34,UG,1,3,7,Married,Binary,Pre-K,STEM,No
0444,Malay,37,5,42,NG,4,5,6,Married,Binary,Primary,English,No
0445,Chinese,39,10,14,NG,2,2,9,Married,Male,Secondary,English,No
0446,Malay,35,11,12,PG,2,3,7,Married,Male,Secondary,STEM,No
0447,Indian,60,4,46,PG,4,1,3,Single,Binary,Secondary,STEM,Yes
0448,Chinese,32,8,46,NG,5,5,2,Divorced,Male,Primary,English,Yes
0449,Chinese,51,3,19,PG,5,4,5,Married,Female,Primary,STEM,No
0450,Indian,52,7,18,UG,2,2,8,Single,Binary,Primary,STEM,No
0451,Chinese,37,15,35,PG,3,4,4,Married,Female,Pre-K,English,No
0452,Chinese,49,12,49,UG,4,2,2,Married,Binary,Pre-K,English,No
0453,Indian,39,1,31,UG,5,3,5,Married,Male,Pre-K,Language,No
0454,European,27,13,26,PG,2,5,1,0,Binary,Pre-K,English,No
0455,Chinese,26,2,31,NG,3,2,0,Single,Male,Secondary,Language,Yes
0456,Chinese,48,12,38,PG,3,1,7,Divorced,Female,Primary,Language,No
0457,Chinese,22,4,39,PG,4,5,3,Single,Male,Pre-K,Language,Yes
0458,Malay,50,14,27,UG,4,4,2,Divorced,Female,Primary,STEM,No
0459,Indian,58,2,28,NG,1,3,10,Married,Female,Pre-K,English,No
0460,European,22,13,34,NG,1,3,0,Married,Male,Pre-K,Language,No
0461,Indian,26,7,45,NG,1,4,10,Married,Binary,Pre-K,English,No
0462,Indian,59,13,41,PG,3,4,3,Married,Female,Secondary,STEM,Yes
0463,,41,15,21,UG,4,5,7,Married,Male,Secondary,English,No
0464,European,44,12,17,PG,4,3,9,Single,Female,Secondary,English,No
0465,Malay,32,15,14,PG,1,2,8,Divorced,Female,Primary,STEM,No
0466,Malay,54,2,28,PG,1,4,2,Divorced,Male,Secondary,Language,No
0467,Chinese,36,11,34,NG,2,1,7,Single,Binary,Secondary,English,Yes
0468,Chinese,31,9,46,UG,3,3,4,Married,Male,Pre-K,Language,No
0469,Chinese,37,5,50,NG,2,5,0,Single,Binary,Pre-K,STEM,Yes
0470,Indian,48,8,23,UG,1,1,4,Divorced,Male,Secondary,STEM,No
0471,Chinese,44,4,31,UG,3,2,4,Divorced,Female,Pre-K,Language,No
0472,Indian,24,3,34,PG,1,4,8,Divorced,Binary,Pre-K,STEM,Yes
0473,Malay,39,9,33,UG,1,4,1,Divorced,Binary,Secondary,Language,No
0474,Indian,46,4,32,PG,1,3,5,Married,Binary,Secondary,Language,No
0475,Indian,35,9,26,PG,2,5,9,Married,Binary,Pre-K,English,No
0476,European,51,5,28,UG,5,3,10,Married,Binary,Secondary,STEM,No
0477,Malay,35,2,36,NG,5,1,9,Single,Binary,Pre-K,English,Yes
0478,Chinese,43,3,21,PG,5,2,7,Single,Binary,Pre-K,English,No
0479,Malay,46,6,24,PG,5,3,8,Divorced,Binary,Secondary,STEM,No
0480,Indian,48,11,43,NG,5,3,4,Married,Binary,Primary,STEM,No
0481,Indian,58,7,29,UG,5,3,8,Single,Binary,Secondary,STEM,No
0482,Indian,31,10,15,UG,4,4,8,Divorced,Binary,Secondary,Language,No
0483,Indian,56,13,30,PG,5,3,0,Married,Male,Primary,Language,No
0484,Malay,40,12,13,NG,2,1,6,Single,Female,Secondary,English,Yes
0485,Malay,38,15,22,PG,3,2,5,Married,Binary,Secondary,STEM,No
0486,European,43,2,22,UG,3,5,0,Married,Binary,Primary,Language,No
0487,European,41,10,45,NG,1,3,3,Single,Female,Primary,STEM,Yes
0488,European,22,2,26,PG,5,3,6,Divorced,Male,Pre-K,Language,Yes
0489,European,54,14,17,NG,4,4,4,Married,Male,Pre-K,STEM,No
0490,Chinese,35,14,43,NG,4,3,0,Single,Binary,Pre-K,STEM,Yes
0491,European,29,3,38,NG,3,3,2,Single,Binary,Pre-K,STEM,Yes
0492,Malay,60,10,14,UG,2,5,9,Divorced,Female,Pre-K,Language,No
0493,Indian,57,8,33,NG,5,3,8,Married,Binary,Primary,STEM,No
0494,Indian,56,9,35,PG,1,5,8,Single,Binary,Pre-K,English,No
0495,Indian,56,11,18,PG,3,3,10,Divorced,Female,Pre-K,Language,No
0496,European,26,15,10,NG,4,1,10,Single,Male,Secondary,English,Yes
0497,Malay,33,3,19,NG,3,3,2,Married,Binary,Primary,STEM,No
0498,European,39,2,42,UG,1,3,4,Divorced,Male,Primary,English,No
0499,European,54,4,18,PG,3,5,1,Married,Female,Pre-K,Language,Yes
0500,Malay,40,1,38,PG,5,2,2,Single,Binary,Pre-K,English,No
0501,European,30,3,10,NG,2,2,1,Single,Binary,Pre-K,Language,Yes
0502,European,45,9,39,UG,3,2,6,Married,Male,Primary,English,No
0503,Malay,35,13,39,UG,1,5,2,Married,Binary,Primary,STEM,No
0504,Chinese,52,1,41,PG,5,4,9,Divorced,Male,Secondary,Language,No
0505,Chinese,40,10,48,UG,5,5,1,Single,Binary,Secondary,Language,No
0506,European,50,12,24,PG,2,5,2,Married,Female,Secondary,English,No
0507,Indian,57,10,18,UG,3,1,10,Married,Male,Pre-K,STEM,No
0508,Indian,29,1,50,PG,2,1,7,Divorced,Male,Secondary,English,No
0509,Indian,45,7,23,UG,3,5,3,Single,Binary,Pre-K,STEM,No
0510,Indian,32,4,48,UG,3,2,5,Single,Female,Primary,Language,No
0511,Malay,40,8,40,PG,2,5,1,Single,Male,Secondary,STEM,Yes
0512,Chinese,23,15,15,PG,2,5,1,Married,Female,Pre-K,Language,Yes
0513,European,34,5,21,NG,2,2,8,Married,Male,Pre-K,Language,No
0514,Malay,23,6,14,UG,5,5,9,Divorced,Female,Primary,STEM,No
0515,Indian,40,6,44,NG,3,2,10,Divorced,Binary,Primary,STEM,Yes
0516,Malay,38,2,39,UG,2,1,10,Married,Female,Pre-K,Language,No
0517,Malay,47,6,18,UG,4,4,6,Married,Male,Primary,Language,No
0518,Malay,26,1,14,UG,2,1,0,Single,Female,Primary,STEM,No
0519,European,54,2,47,PG,1,2,8,Divorced,Female,Pre-K,STEM,No
0520,European,24,5,36,NG,1,1,9,Single,Male,Pre-K,Language,Yes
0521,European,59,13,10,PG,2,5,8,Married,Female,Secondary,Language,No
0522,Indian,22,5,37,PG,1,2,5,Divorced,Female,Secondary,STEM,No
0523,Chinese,48,7,19,NG,1,3,4,Single,Male,Primary,Language,Yes
0524,Chinese,55,15,36,NG,4,5,7,Married,Binary,Secondary,STEM,No
0525,European,29,13,32,NG,3,1,0,Single,Male,Pre-K,English,Yes
0526,Chinese,48,15,18,NG,4,3,10,Single,Binary,Primary,STEM,Yes
0527,Chinese,28,13,11,NG,4,3,6,Divorced,Female,Pre-K,English,Yes
0528,Chinese,53,9,32,UG,5,4,9,Married,Male,Primary,Language,No
0529,Malay,56,10,38,PG,5,4,1,Married,Female,Pre-K,English,No
0530,Indian,43,5,46,PG,5,3,0,Married,Binary,Primary,STEM,No
0531,European,58,13,13,NG,1,3,7,Divorced,Female,Primary,Language,Yes
0532,Indian,24,1,48,UG,5,5,5,Married,Binary,Primary,English,No
0533,European,50,11,21,UG,1,4,0,Married,Binary,Primary,Language,No
0534,Chinese,39,11,42,PG,4,3,2,Married,Male,Pre-K,English,No
0535,European,57,14,39,UG,4,2,5,Married,Male,Pre-K,Language,No
0536,European,29,12,26,UG,2,4,6,Single,Male,Primary,Language,No
0537,Chinese,31,15,33,UG,3,5,9,Married,Binary,Pre-K,English,No
0538,European,34,10,19,PG,1,3,8,Single,Male,,Language,No
0539,European,43,7,11,NG,3,4,8,Married,Male,Pre-K,English,No
0540,Chinese,51,4,37,NG,1,5,10,Single,Male,Primary,Language,Yes
0541,Chinese,29,13,29,NG,5,2,2,Married,Male,Primary,English,No
0542,Indian,48,14,14,NG,3,5,8,Married,Binary,Pre-K,English,No
0543,European,51,13,26,PG,2,4,6,Married,Male,Pre-K,English,No
0544,Malay,42,7,27,UG,2,1,3,Divorced,Binary,Primary,STEM,No
0545,Malay,56,3,39,PG,4,5,8,Single,Male,Primary,English,No
0546,Malay,59,6,39,NG,5,4,10,Divorced,Male,Pre-K,English,Yes
0547,Indian,53,7,45,PG,4,5,5,Single,Binary,Pre-K,STEM,Yes
0548,European,50,13,47,UG,5,3,9,Married,Binary,Primary,STEM,No
0549,European,32,1,28,NG,1,2,5,Single,Male,Secondary,STEM,No
0550,Chinese,43,7,34,NG,1,3,4,Married,Male,Primary,STEM,No
0551,Indian,50,8,13,NG,5,1,6,Divorced,Female,Primary,STEM,No
0552,European,26,1,10,NG,3,4,8,Single,Male,Pre-K,STEM,No
0553,Chinese,54,10,38,NG,4,3,5,Single,Male,Secondary,STEM,No
0554,European,53,4,37,PG,5,2,0,Married,Binary,Primary,STEM,No
0555,Malay,42,11,42,PG,2,5,7,Divorced,Male,Secondary,English,No
0556,Malay,43,13,12,UG,1,3,2,Married,Binary,Pre-K,English,No
0557,Indian,36,2,17,PG,2,4,0,Married,Binary,Secondary,Language,No
0558,Malay,42,2,42,NG,2,3,4,Divorced,Male,Secondary,Language,No
0559,Malay,57,12,35,PG,1,5,7,Married,Female,Primary,Language,No
0560,Indian,26,6,48,PG,5,1,3,Single,Binary,Pre-K,Language,No
0561,Malay,49,1,16,UG,4,2,9,Single,Binary,Primary,STEM,No
0562,Indian,44,2,39,UG,3,4,2,Single,Binary,Pre-K,Language,No
0563,European,60,11,40,PG,1,5,0,Single,Female,Secondary,Language,No
0564,European,50,3,20,NG,1,3,6,Single,Binary,Primary,STEM,No
0565,Chinese,37,15,24,NG,4,5,5,Married,Binary,Pre-K,English,No
0566,Indian,48,15,32,PG,2,4,3,Single,Male,Pre-K,STEM,No
0567,Malay,21,14,20,UG,5,5,0,Married,Female,Secondary,STEM,No
0568,Chinese,54,14,38,UG,2,5,5,Divorced,Binary,Pre-K,Language,No
0569,Indian,40,15,14,UG,4,3,7,Divorced,Female,Pre-K,STEM,No
0570,Malay,55,2,29,NG,4,4,1,Divorced,Female,Primary,STEM,No
0571,European,34,12,36,PG,4,1,6,Single,Female,Secondary,English,No
0572,Chinese,24,5,36,UG,1,4,7,Single,Male,Secondary,English,No
0573,European,38,4,32,PG,3,2,3,Single,Female,Pre-K,Language,Yes
0574,Indian,51,15,47,UG,3,2,1,Divorced,Male,Pre-K,English,No
0575,Malay,32,13,43,PG,5,5,2,Divorced,Female,Primary,STEM,No
0576,European,51,5,25,PG,2,4,6,Married,Male,Primary,STEM,No
0577,Chinese,34,8,12,PG,5,2,2,Married,Female,Pre-K,Language,No
0578,Malay,24,1,45,NG,4,4,4,Single,Male,Primary,STEM,Yes
0579,Malay,59,13,28,PG,4,2,4,Married,Male,Secondary,English,No
0580,European,42,2,33,NG,5,1,10,Single,Female,Pre-K,Language,No
0581,Indian,33,15,38,NG,4,4,4,Single,Male,Primary,English,No
0582,European,37,4,28,UG,2,5,6,Single,Binary,Secondary,Language,No
0583,European,32,4,20,UG,5,1,7,Divorced,Female,Primary,Language,No
0584,European,55,10,35,UG,5,4,10,Divorced,Binary,Secondary,STEM,No
0585,Chinese,54,10,39,PG,4,5,6,Single,Binary,Secondary,Language,No
0586,European,26,5,29,PG,3,3,8,Married,Female,Primary,STEM,No
0587,European,32,12,35,NG,3,1,10,Single,Female,Pre-K,English,No
0588,Malay,26,12,45,NG,5,2,3,Married,Binary,Secondary,English,No
0589,Malay,40,10,28,UG,2,1,6,Single,Female,Secondary,Language,No
0590,Indian,50,12,48,NG,1,3,2,Single,Binary,Pre-K,Language,No
0591,European,34,15,47,PG,4,1,1,Single,Binary,Secondary,Language,No
0592,Malay,43,13,31,NG,3,1,5,Married,Binary,Primary,STEM,No
0593,Indian,41,2,39,NG,1,1,7,Single,Binary,Pre-K,English,No
0594,Indian,23,14,29,PG,5,4,7,Single,Binary,Primary,STEM,Yes
0595,Chinese,47,4,33,NG,2,3,4,Married,Male,Secondary,STEM,No
0596,Malay,48,4,49,UG,4,2,1,Married,Female,Primary,STEM,No
0597,Chinese,38,13,29,UG,5,5,7,Single,Female,Primary,STEM,No
0598,Malay,58,1,31,,5,4,2,Single,Female,Pre-K,STEM,No
0599,Indian,29,15,41,PG,4,5,3,Single,Male,Secondary,English,No
0600,Indian,43,6,34,PG,5,4,4,Single,Female,Pre-K,English,No
0601,Malay,50,10,50,PG,3,1,2,Single,Female,Secondary,Language,No
0602,Chinese,54,13,26,UG,3,2,9,Divorced,Male,Primary,English,No
0603,European,56,2,47,PG,3,2,6,Single,Female,Primary,STEM,Yes
0604,Indian,60,2,34,PG,1,2,9,Single,Female,Secondary,Language,No
0605,Malay,60,6,50,UG,5,5,1,Divorced,Female,Secondary,STEM,No
0606,Indian,23,15,18,PG,4,3,9,Single,Female,Primary,English,No
0607,Malay,44,14,31,PG,5,2,9,Married,Binary,Pre-K,Language,No
0608,Chinese,41,7,29,PG,4,5,7,Married,Binary,Primary,STEM,No
0609,Malay,40,2,42,UG,2,4,0,Married,Male,Pre-K,Language,No
0610,Chinese,24,5,24,PG,3,2,1,Single,Male,Secondary,STEM,Yes
0611,Chinese,33,5,27,NG,1,2,2,Single,Male,Primary,English,No
0612,Malay,25,11,42,NG,4,1,2,Divorced,Female,Pre-K,Language,No
0614,European,42,6,40,UG,5,1,5,Divorced,Female,Pre-K,STEM,No
0615,Malay,54,11,48,NG,4,4,7,Divorced,Binary,Primary,Language,No
0616,Indian,31,7,45,NG,5,1,8,Single,Male,Primary,Language,No
0617,European,46,10,27,PG,5,2,10,Single,Binary,Primary,English,No
0618,European,26,7,39,PG,3,4,7,Divorced,Male,Pre-K,Language,No
0619,Chinese,24,9,27,NG,5,3,10,Single,Female,Primary,English,No
0620,Malay,30,6,13,UG,4,1,5,Married,Female,Secondary,Language,No
0621,Indian,28,13,10,PG,1,5,6,Married,Female,Pre-K,English,No
0622,Indian,59,2,34,UG,1,3,9,Married,Male,Secondary,STEM,No
0623,Indian,30,12,43,NG,4,2,6,Divorced,Binary,Secondary,English,No
0624,Indian,53,4,46,NG,1,2,3,Married,Female,Secondary,English,No
0625,Chinese,45,9,40,NG,1,1,3,Single,Binary,Pre-K,STEM,Yes
0626,Malay,46,13,34,PG,5,5,1,Single,Male,Pre-K,Language,No
0627,Chinese,53,1,43,NG,5,5,1,Married,Male,Primary,Language,No
0628,Chinese,33,7,42,NG,5,4,3,Single,Male,Secondary,Language,No
0629,Indian,35,4,42,PG,2,1,6,Married,Male,Secondary,English,No
0630,Malay,38,8,30,UG,3,3,2,Single,Binary,Secondary,Language,Yes
0631,Chinese,32,5,36,PG,5,4,5,Single,Female,Primary,English,No
0632,Chinese,43,14,41,PG,4,5,9,Married,Male,Pre-K,English,No
0633,Chinese,43,7,48,NG,3,3,3,Married,Female,Secondary,English,Yes
0634,Indian,35,13,47,PG,4,3,4,Divorced,Female,Secondary,Language,No
0635,Indian,60,13,22,NG,3,5,2,Single,Male,Secondary,STEM,Yes
0636,Malay,28,13,47,NG,4,2,3,Single,Female,Secondary,STEM,Yes
0637,Malay,25,9,43,NG,4,3,6,Single,,Primary,STEM,Yes
0638,Indian,38,12,16,UG,2,4,7,Single,Male,Primary,English,No
0639,Malay,37,10,30,PG,5,4,2,Married,Female,Primary,Language,No
0640,European,25,12,44,NG,2,5,0,Single,Female,Secondary,STEM,Yes
0641,European,60,8,20,PG,2,3,8,Divorced,Female,Pre-K,English,No
0642,Chinese,27,6,39,NG,3,1,5,,Male,Primary,Language,No
0643,European,26,13,35,UG,2,1,8,Divorced,Binary,Primary,Language,No
0644,Malay,48,12,10,UG,4,4,10,Married,Male,Pre-K,Language,No
0645,Indian,47,14,23,NG,1,5,8,Single,Female,Secondary,English,No
0646,Malay,40,2,16,UG,4,1,3,Single,Binary,Primary,English,No
0647,Indian,23,12,14,PG,4,2,6,Single,Female,Secondary,Language,No
0648,Indian,39,3,30,UG,4,2,0,Married,Male,Pre-K,STEM,No
0649,Malay,56,13,30,PG,4,5,2,Single,Male,Primary,Language,No
0650,European,22,11,34,NG,3,5,10,Married,Binary,Secondary,Language,Yes
0651,European,54,8,31,UG,5,3,6,Married,Female,Primary,Language,No
0652,European,40,8,42,PG,1,1,6,Divorced,Female,Secondary,English,No
0653,European,21,,47,PG,5,3,0,Single,Female,Pre-K,English,No
0654,Malay,42,9,34,NG,3,2,3,Divorced,Male,Primary,Language,No
0655,European,52,14,50,PG,1,4,8,Divorced,Binary,Primary,STEM,No
0656,Chinese,53,10,21,UG,5,4,9,Married,Female,Primary,STEM,No
0657,European,50,5,19,PG,2,5,7,Married,Male,Secondary,Language,No
0658,Chinese,47,13,36,NG,5,3,10,Married,Female,Secondary,Language,No
0659,European,20,8,26,NG,1,1,10,Divorced,Binary,Secondary,Language,No
0660,Indian,42,4,29,PG,5,3,6,Single,Female,Secondary,Language,No
0661,Indian,44,11,44,UG,2,2,3,Single,Male,Secondary,STEM,Yes
0662,European,45,14,42,UG,4,1,8,Single,Female,Primary,English,No
0663,Indian,60,15,33,PG,3,3,10,Divorced,Binary,Pre-K,Language,No
0664,European,55,9,11,UG,4,5,4,Single,Male,Secondary,STEM,No
0665,Indian,29,14,23,UG,2,5,3,Married,Male,Secondary,STEM,No
0666,Malay,36,6,16,NG,2,1,10,Divorced,Female,Secondary,English,No
0667,European,32,2,38,NG,1,4,5,Married,Male,Primary,English,No
0668,Chinese,52,14,42,UG,1,4,8,Single,Binary,Pre-K,Language,No
0669,Chinese,38,14,50,UG,2,2,9,Divorced,Male,Pre-K,STEM,No
0670,European,48,3,32,PG,4,4,5,Divorced,Female,Primary,Language,Yes
0671,Malay,33,2,44,NG,3,4,5,Married,Binary,Secondary,STEM,Yes
0672,Malay,41,9,13,UG,1,5,3,Married,Female,Pre-K,English,No
0673,Indian,43,1,25,UG,2,2,7,Married,Female,Secondary,English,No
0674,Indian,49,2,31,NG,5,1,8,Divorced,Female,Primary,STEM,No
0675,Chinese,33,6,14,NG,3,1,0,Single,Binary,Secondary,STEM,No
0676,European,48,6,43,PG,5,4,1,Divorced,Male,Secondary,STEM,No
0677,Indian,40,11,47,NG,2,2,4,Single,Male,Secondary,English,No
0678,European,39,15,41,NG,1,5,0,Single,Female,Primary,Language,No
0679,Indian,21,13,40,PG,3,5,9,Married,Male,Primary,STEM,Yes
0680,Chinese,25,13,37,PG,3,1,10,Married,Male,Pre-K,STEM,No
0681,Malay,53,13,49,PG,2,2,0,Single,Male,Pre-K,STEM,Yes
0682,European,47,2,18,NG,3,3,8,Single,Male,Pre-K,STEM,No
0683,Chinese,48,7,43,PG,2,1,9,Married,Male,Secondary,Language,No
0684,European,34,8,25,PG,4,3,3,Divorced,Binary,Primary,Language,No
0685,Malay,59,3,20,PG,1,1,10,Divorced,Male,Pre-K,Language,Yes
0686,European,28,14,21,PG,5,5,6,Divorced,Binary,Pre-K,Language,No
0687,Chinese,21,8,33,NG,3,4,0,Single,Female,Secondary,STEM,Yes
0688,Indian,34,6,39,PG,5,1,8,Single,Binary,Primary,English,No
0689,Indian,47,2,46,PG,4,4,6,Single,Female,Secondary,Language,No
0690,Indian,34,12,46,NG,4,2,9,Married,Female,Secondary,STEM,No
0691,Chinese,26,10,30,UG,5,2,0,Single,Female,Secondary,STEM,No
0692,Malay,45,1,14,PG,5,1,1,Single,Binary,Secondary,Language,No
0693,Malay,38,13,27,PG,1,1,6,Married,Male,Primary,Language,No
0694,European,59,14,37,NG,4,2,1,Single,Binary,Secondary,English,No
0695,European,32,5,47,PG,3,5,3,Divorced,Binary,Primary,Language,Yes
0696,European,25,13,26,UG,5,5,4,Divorced,Binary,Pre-K,English,No
0697,Malay,56,12,50,UG,3,2,8,Married,Male,Secondary,English,No
0698,European,41,12,36,PG,3,4,8,Single,Male,Secondary,STEM,Yes
0699,Malay,25,5,10,PG,2,5,10,Single,Male,Pre-K,Language,Yes
0700,Malay,21,7,50,PG,2,2,6,Single,Female,Primary,Language,No
0701,Malay,47,14,49,NG,4,3,4,Single,Male,Primary,English,No
0702,European,28,7,18,NG,3,5,10,Single,Female,Pre-K,STEM,No
0703,Chinese,54,6,35,UG,1,3,4,Divorced,Male,Secondary,Language,No
0704,Chinese,51,8,41,UG,2,5,2,Divorced,Binary,Secondary,Language,No
0705,Malay,35,10,16,NG,4,4,0,Married,Male,Secondary,Language,No
0706,Chinese,21,1,20,NG,5,1,4,Single,Male,Pre-K,English,No
0707,Chinese,23,14,10,PG,2,5,0,Single,Male,Pre-K,STEM,Yes
0708,Indian,40,14,34,NG,3,4,8,Single,Male,Primary,Language,No
0709,Indian,20,11,28,PG,3,4,2,Married,Male,Pre-K,English,No
0710,Malay,60,9,16,NG,3,4,0,Single,Female,Secondary,English,Yes
0711,Indian,53,15,37,NG,4,5,9,Single,Binary,Primary,STEM,No
0712,Indian,24,11,25,PG,3,2,6,Married,Male,Pre-K,English,No
0713,Indian,31,4,42,UG,5,2,10,Divorced,Female,Primary,English,No
0714,Indian,24,10,47,UG,2,4,4,Divorced,Binary,Pre-K,STEM,Yes
0715,Chinese,29,7,11,UG,3,1,1,Divorced,Male,Pre-K,English,No
0716,Malay,45,11,50,PG,5,4,9,Single,Female,Pre-K,English,No
0717,Chinese,26,4,45,NG,3,4,1,Single,Female,Pre-K,STEM,Yes
0718,Indian,22,11,12,UG,4,3,7,Divorced,Female,Primary,Language,No
0719,Indian,46,12,29,NG,2,5,6,Single,Female,Primary,STEM,No
0720,Indian,40,4,10,UG,5,1,8,Divorced,Binary,Pre-K,STEM,No
0721,European,29,5,38,NG,5,3,7,Married,Male,Primary,STEM,No
0722,Malay,28,6,41,UG,4,4,10,Divorced,Female,Secondary,Language,No
0723,Malay,27,11,35,NG,2,1,2,Divorced,Binary,Primary,English,No
0724,Malay,54,9,15,NG,5,2,10,Divorced,Female,Pre-K,Language,No
0725,Indian,43,4,15,UG,4,2,10,Single,Male,Primary,English,No
0726,Malay,28,11,12,PG,2,3,2,Divorced,Male,Pre-K,STEM,No
0727,Chinese,28,12,15,PG,1,1,6,Divorced,Female,Pre-K,Language,No
0728,European,29,14,44,UG,4,4,8,Single,Male,Secondary,English,No
0729,Chinese,37,13,48,PG,4,2,10,Divorced,Binary,Secondary,English,No
0730,Malay,31,13,26,PG,3,1,6,Single,Male,Primary,English,No
0731,Chinese,46,8,41,UG,1,1,4,Married,Female,Primary,English,No
0732,Indian,50,6,13,NG,3,3,6,Married,Binary,Pre-K,STEM,No
0733,Indian,59,14,49,PG,2,5,7,Married,Binary,Primary,Language,Yes
0734,Malay,51,1,20,UG,3,5,10,Married,Binary,Pre-K,Language,No
0735,Chinese,26,9,46,UG,4,2,1,Married,Female,Primary,English,No
0736,Malay,33,1,19,NG,3,4,4,Single,Male,Secondary,Language,Yes
0737,Chinese,37,7,43,NG,5,1,2,Married,Male,Primary,STEM,No
0738,Chinese,40,9,44,NG,3,5,4,Married,Male,Primary,Language,No
0739,Chinese,52,4,50,NG,4,3,3,Divorced,Male,Secondary,English,No
0740,Chinese,47,5,32,UG,4,3,0,Single,Binary,Primary,Language,No
0741,Chinese,20,8,44,NG,5,2,5,Single,Binary,Primary,Language,No
0742,Chinese,48,6,31,PG,3,3,3,Married,Male,Pre-K,English,No
0743,Indian,37,14,36,UG,2,1,0,Married,Binary,Primary,English,No
0744,Malay,25,7,20,UG,3,3,0,Married,Male,Pre-K,English,No
0745,Chinese,48,9,21,UG,1,2,6,Divorced,Binary,Secondary,STEM,No
0746,European,40,12,13,PG,3,5,1,Single,Male,Secondary,Language,Yes
0747,European,29,15,38,NG,5,1,1,Single,Binary,Secondary,Language,No
0748,Indian,51,4,24,PG,1,5,5,Married,Male,Secondary,English,No
0749,European,59,12,15,PG,1,4,0,Divorced,Binary,Secondary,English,No
0750,Indian,40,1,48,NG,1,5,2,Married,Binary,Primary,English,No
0751,European,24,12,33,NG,2,5,0,Single,Binary,Secondary,STEM,No
0752,Indian,35,15,33,PG,1,3,0,Divorced,Male,Pre-K,English,No
0753,Indian,56,10,35,UG,4,5,4,Single,Binary,Primary,STEM,No
0754,Malay,29,14,10,NG,1,4,3,Married,Female,Primary,Language,No
0755,Chinese,26,13,50,PG,4,5,0,Married,Binary,Secondary,Language,No
0756,Malay,22,15,14,NG,1,3,5,Divorced,Male,Primary,English,No
0757,Indian,30,15,15,NG,1,1,6,Divorced,Female,Pre-K,STEM,No
0758,Indian,25,14,19,UG,1,1,2,Married,Female,Primary,English,No
0759,European,48,6,22,PG,2,1,7,Married,Female,Primary,Language,No
0760,Chinese,30,15,38,PG,2,5,0,Married,Binary,Pre-K,Language,No
0761,Indian,29,13,22,PG,1,2,5,Single,Male,Pre-K,STEM,No
0762,Chinese,26,10,50,UG,5,3,8,Married,Binary,Pre-K,STEM,No
0763,Chinese,41,12,23,UG,4,4,10,Divorced,Male,Pre-K,STEM,No
0764,Malay,36,14,41,UG,2,1,9,Divorced,Binary,Primary,STEM,No
0765,European,38,6,42,NG,5,4,6,Single,Binary,Pre-K,Language,No
0766,European,35,12,23,PG,2,3,9,Divorced,Male,Secondary,Language,No
0767,European,26,3,25,UG,4,3,8,Married,Male,Secondary,STEM,No
0768,European,39,15,50,NG,5,5,5,Divorced,Binary,Secondary,Language,No
0769,Chinese,21,13,36,PG,3,4,5,Divorced,Female,Secondary,Language,Yes
0770,Chinese,38,6,15,PG,4,2,10,Married,Female,Pre-K,English,No
0771,Chinese,23,9,34,UG,5,2,1,Married,Male,Secondary,English,No
0772,Malay,51,1,27,UG,1,1,2,Divorced,Male,Pre-K,Language,No
0773,European,55,1,16,NG,4,4,7,Divorced,Binary,Primary,STEM,No
0774,Indian,57,10,15,UG,5,4,5,Married,Female,Primary,STEM,Yes
0775,Chinese,50,14,21,PG,4,3,8,Divorced,Binary,Primary,English,No
0776,Chinese,58,4,42,PG,4,2,0,Divorced,Female,Primary,Language,Yes
0777,Indian,35,6,40,PG,5,3,4,Divorced,Male,Primary,English,No
0778,Malay,59,3,43,UG,4,1,6,Married,Male,Secondary,Language,No
0779,Indian,47,15,40,UG,3,3,6,Divorced,Male,Primary,Language,No
0780,Malay,47,14,14,NG,4,4,6,Married,Binary,Pre-K,Language,No
0781,Malay,45,7,35,NG,1,1,1,Divorced,Binary,Pre-K,Language,No
0782,Chinese,55,14,21,PG,4,1,8,Single,Female,Pre-K,Language,No
0783,European,42,2,33,NG,3,3,3,Single,Female,Secondary,Language,Yes
0784,Malay,39,2,35,NG,3,3,8,Single,Female,Secondary,STEM,Yes
0785,Malay,20,4,36,PG,1,1,0,Divorced,Male,Pre-K,English,No
0786,European,25,15,17,UG,5,5,3,Married,Binary,Secondary,English,No
0787,Malay,55,4,41,UG,3,5,3,Married,Binary,Pre-K,STEM,No
0788,Malay,41,9,49,NG,5,3,4,Married,Female,Secondary,English,No
0789,European,32,12,33,PG,3,3,7,Married,Female,Pre-K,STEM,No
0790,Malay,50,11,44,PG,2,4,3,Single,Male,Secondary,English,No
0791,Chinese,54,8,35,UG,5,4,7,Single,Male,Primary,Language,No
0792,Malay,27,7,31,PG,3,4,7,Married,Binary,Pre-K,English,No
0793,Chinese,59,14,13,UG,5,5,4,Married,Binary,Primary,Language,No
0794,Chinese,25,5,14,PG,2,1,6,Divorced,Binary,Secondary,English,No
0795,European,27,1,24,PG,1,3,1,Married,Binary,Primary,English,No
0796,Chinese,34,4,49,UG,4,3,3,Divorced,Female,Pre-K,STEM,No
0797,Chinese,25,2,27,NG,5,5,10,Divorced,Binary,Pre-K,STEM,No
0798,Malay,40,6,34,PG,3,5,10,Married,Female,Secondary,STEM,Yes
0799,Malay,47,13,41,PG,1,2,7,Divorced,Male,Primary,Language,No
0800,Indian,43,6,25,PG,3,4,6,Divorced,Male,Secondary,Language,Yes
0801,Chinese,29,3,18,PG,3,5,2,Single,Binary,Secondary,English,Yes
0802,Malay,46,5,35,PG,3,2,4,Married,Male,Pre-K,Language,Yes
0803,Chinese,26,4,22,PG,4,4,7,Married,Male,Secondary,STEM,No
0804,Chinese,24,3,26,PG,1,5,4,Divorced,Male,Pre-K,Language,No
0805,Malay,53,10,41,PG,4,1,1,Married,Female,Pre-K,STEM,No
0806,Chinese,33,11,18,UG,1,5,8,Single,Binary,Primary,Language,No
0807,Indian,48,12,46,UG,4,5,8,Divorced,Female,Secondary,STEM,No
0808,Chinese,39,7,39,UG,4,2,4,Single,Male,Primary,Language,No
0809,Chinese,48,13,14,PG,3,2,0,Single,Female,Primary,Language,No
0810,European,42,10,12,NG,3,4,10,Married,Male,Secondary,English,Yes
0811,Malay,29,6,30,PG,5,2,0,Married,Binary,Secondary,Language,No
0812,Chinese,39,14,22,UG,1,5,6,Single,Male,Primary,Language,No
0813,Chinese,45,10,43,NG,3,4,2,Divorced,Binary,Primary,STEM,No
0814,European,47,12,11,NG,1,4,1,Single,Binary,Pre-K,Language,No
0815,Chinese,51,15,47,NG,3,4,8,Divorced,Binary,Primary,English,No
0816,Malay,51,8,39,NG,3,3,0,Divorced,Binary,Secondary,English,Yes
0817,Malay,60,2,43,NG,5,3,1,Single,Female,Secondary,Language,No
0818,Indian,45,9,40,NG,4,1,9,Married,Female,Pre-K,STEM,No
0819,European,36,7,14,PG,4,1,9,Divorced,Female,Primary,Language,No
0820,European,34,1,11,UG,2,1,6,Married,Binary,Pre-K,STEM,No
0821,Indian,50,2,21,UG,1,3,10,Married,Female,Primary,Language,No
0822,Indian,43,1,32,UG,4,4,6,Single,Binary,Primary,Language,No
0823,European,54,6,16,NG,2,3,1,Married,Male,Pre-K,Language,No
0824,European,47,8,14,PG,4,5,6,Married,Male,Pre-K,Language,No
0825,Malay,36,1,15,UG,4,3,10,Married,Female,Secondary,STEM,No
0826,European,42,8,45,NG,1,1,2,Married,Female,Pre-K,STEM,No
0827,Chinese,60,4,47,NG,5,5,1,Married,Binary,Secondary,Language,No
0828,Malay,21,7,43,UG,5,4,5,Single,Female,Secondary,STEM,Yes
0829,Chinese,26,14,38,NG,5,4,1,Married,Female,Secondary,Language,No
0830,Malay,59,6,16,UG,2,4,10,Married,Male,Primary,Language,No
0831,Malay,40,6,23,PG,5,1,7,Single,Male,Pre-K,STEM,No
0832,Chinese,44,2,18,NG,5,4,1,Married,Male,Primary,Language,No
0833,Chinese,41,15,47,PG,1,5,1,Married,Female,Secondary,English,No
0834,Indian,29,1,44,UG,1,4,3,Married,Female,Primary,STEM,No
0835,European,53,15,18,NG,5,2,5,Divorced,Female,Pre-K,English,No
0836,European,60,15,35,PG,4,3,10,Married,Binary,Primary,Language,No
0837,Malay,42,5,14,NG,4,3,5,Married,Binary,Pre-K,Language,No
0838,Malay,33,1,48,PG,5,5,8,Married,Male,Primary,Language,Yes
0839,Chinese,31,9,38,UG,1,5,2,Divorced,Binary,Primary,Language,No
0840,European,34,15,39,UG,5,4,1,Divorced,Male,Pre-K,English,No
0841,Chinese,59,15,15,NG,3,4,6,Divorced,Binary,Pre-K,English,No
0842,European,57,13,31,NG,2,4,2,Single,Male,Secondary,Language,No
0843,Indian,49,6,13,PG,1,3,7,Divorced,Binary,Secondary,Language,No
0844,Indian,23,15,12,UG,4,2,8,Married,Binary,Pre-K,STEM,No
0845,Chinese,60,4,10,PG,5,2,4,Divorced,Female,Secondary,STEM,No
0846,Chinese,20,1,17,NG,1,2,5,Divorced,Male,Primary,English,No
0847,Indian,46,2,17,UG,3,4,9,Married,Female,Secondary,English,Yes
0848,Chinese,50,14,21,PG,4,3,10,Married,Male,Pre-K,Language,No
0849,Chinese,20,8,35,NG,3,3,3,Single,Binary,Secondary,Language,Yes
0850,Malay,41,15,41,PG,1,5,5,Divorced,Male,Secondary,English,No
0851,Malay,45,8,35,UG,1,5,5,Single,Male,Pre-K,STEM,No
0852,European,58,15,30,NG,3,1,3,Married,Male,Primary,Language,No
0853,Malay,48,4,40,NG,5,4,4,Divorced,Male,Primary,STEM,No
0854,Indian,55,15,13,PG,5,5,1,Divorced,Male,Pre-K,English,No
0855,Malay,58,4,31,NG,1,1,0,Married,Male,Primary,STEM,No
0856,Indian,22,4,18,PG,2,4,0,Married,Binary,Primary,English,No
0857,Indian,45,11,40,UG,2,5,8,Married,Female,Pre-K,English,No
0858,Chinese,56,6,39,UG,4,5,5,Married,Female,Pre-K,English,No
0859,European,58,11,20,UG,2,2,0,Married,Female,Primary,Language,No
0860,Malay,20,3,17,PG,4,3,0,Married,Female,Primary,STEM,No
0861,Indian,52,3,35,UG,3,2,5,Married,Binary,Secondary,Language,No
0862,Chinese,37,4,19,PG,1,1,1,Married,Female,Pre-K,Language,Yes
0863,Indian,52,8,46,UG,5,1,1,Married,Male,Pre-K,STEM,No
0864,Chinese,54,6,49,PG,1,3,10,Single,Female,Primary,Language,No
0865,Indian,54,1,17,PG,2,3,7,Married,Male,Pre-K,Language,Yes
0866,European,45,7,11,PG,2,1,6,Single,Male,Pre-K,English,No
0867,Indian,27,9,34,PG,3,3,7,Single,Female,Secondary,STEM,No
0868,Indian,54,11,36,PG,1,2,4,Married,Binary,Pre-K,English,No
0869,Malay,54,9,27,PG,2,5,2,Married,Male,Secondary,English,No
0870,Malay,31,12,49,PG,4,3,0,Married,Male,Primary,English,No
0871,Malay,58,15,29,PG,4,5,1,Married,Female,Secondary,Language,No
0872,Chinese,57,11,16,NG,2,4,9,Married,Female,Secondary,English,No
0873,Indian,33,10,10,PG,5,4,9,Divorced,Male,Secondary,STEM,No
0874,Indian,54,15,48,PG,5,3,6,Single,Male,Pre-K,STEM,Yes
0875,Chinese,43,14,15,NG,5,4,6,Divorced,Female,Secondary,Language,No
0876,Malay,54,14,25,UG,4,2,6,Single,Binary,Pre-K,English,No
0877,Chinese,30,14,46,NG,3,5,2,Divorced,Male,Secondary,English,No
0878,Indian,54,12,47,NG,3,1,4,Married,Male,Primary,STEM,No
0879,European,41,15,22,UG,3,4,4,Single,Female,Secondary,Language,No
0880,Chinese,49,12,14,NG,4,3,7,Single,Female,Secondary,English,No
0881,Malay,54,13,36,PG,3,5,9,Divorced,Female,Secondary,English,No
0882,Malay,55,12,14,PG,3,5,6,Single,Male,Primary,STEM,No
0883,Indian,48,1,45,NG,2,1,6,Single,Binary,Primary,Language,No
0884,Malay,27,14,19,UG,3,5,10,Married,Male,Primary,Language,No
0885,Indian,38,7,50,PG,2,1,10,Married,Male,Pre-K,Language,No
0886,Malay,22,9,28,UG,4,3,6,Divorced,Binary,Pre-K,STEM,No
0887,European,25,11,12,PG,1,4,6,Married,Female,Primary,English,No
0888,Chinese,50,15,28,NG,3,3,0,Married,Male,Primary,English,No
0889,Indian,55,8,23,PG,1,5,0,Divorced,Binary,Secondary,Language,No
0890,Chinese,44,4,45,NG,3,4,8,Single,Female,Primary,Language,No
0891,Malay,25,4,11,UG,1,3,10,Single,Binary,Primary,STEM,No
0892,Chinese,51,15,40,PG,2,1,7,Single,Binary,Pre-K,Language,No
0893,European,53,14,31,PG,1,3,6,Divorced,Female,Primary,English,No
0894,Indian,24,11,25,NG,5,2,7,Married,Binary,Primary,STEM,No
0895,Malay,36,3,12,UG,3,4,4,Married,Binary,Secondary,STEM,No
0896,Chinese,59,10,25,PG,3,1,5,Married,Female,Secondary,English,No
0897,Chinese,23,11,31,UG,2,3,10,Married,Binary,Primary,English,No
0898,European,30,10,13,UG,4,4,2,Divorced,Binary,Pre-K,Language,No
0899,European,52,3,10,NG,4,3,10,Married,Female,Pre-K,STEM,No
0900,Chinese,31,1,28,PG,2,5,4,Married,Male,Secondary,English,No
0901,Malay,29,9,19,PG,3,2,3,Divorced,Female,Secondary,English,No
0902,Indian,25,3,29,PG,3,4,4,Married,Female,Primary,STEM,No
0903,Malay,48,10,34,PG,2,3,4,Divorced,Binary,Pre-K,English,No
0904,Chinese,24,9,27,PG,5,3,6,Divorced,Female,Primary,Language,No
0905,Malay,53,3,44,UG,3,4,8,Single,Male,,English,No
0906,Malay,37,15,43,PG,2,4,1,Married,Female,Pre-K,English,No
0907,Malay,48,10,21,NG,5,5,4,Single,Male,Pre-K,STEM,Yes
0908,European,39,3,39,PG,2,2,1,Divorced,Female,Secondary,English,No
0909,European,28,14,33,PG,4,2,0,Divorced,Male,Secondary,English,No
0910,European,29,10,25,NG,3,1,0,Divorced,Female,Secondary,English,No
0911,Chinese,25,11,23,PG,4,3,4,Married,Male,Primary,Language,No
0912,Chinese,35,9,11,PG,5,2,3,Single,Female,Primary,Language,No
0913,European,44,2,34,UG,3,5,8,Single,Male,Primary,English,No
0914,Malay,52,14,19,UG,2,3,6,Married,Male,Secondary,Language,No
0915,Chinese,29,7,26,PG,3,5,8,Married,Female,Secondary,STEM,No
0916,Indian,40,10,41,NG,4,3,2,Divorced,Male,Pre-K,Language,No
0917,Chinese,45,3,14,PG,3,5,9,Married,Binary,Secondary,STEM,No
0918,Malay,37,9,33,UG,1,1,2,Single,Female,Primary,STEM,No
0919,Malay,21,10,32,PG,1,3,0,Married,Male,Primary,English,No
0920,Indian,23,3,17,UG,4,3,10,Married,Female,Pre-K,Language,No
0921,European,54,6,18,PG,2,3,1,Married,Male,Secondary,STEM,No
0922,Indian,47,3,49,NG,3,5,7,Divorced,Male,Primary,English,No
0923,European,24,13,48,UG,2,4,0,Single,Binary,Pre-K,English,No
0924,Indian,20,4,25,NG,1,3,10,Divorced,Male,Pre-K,Language,No
0925,European,59,11,16,UG,4,4,5,Married,Female,Primary,Language,No
0926,European,29,4,23,PG,2,3,0,Married,Binary,Secondary,English,No
0927,Malay,28,14,25,PG,4,1,8,Married,Female,Pre-K,Language,No
0928,Indian,28,13,50,UG,4,2,6,Divorced,Female,Pre-K,STEM,No
0929,Chinese,31,15,12,NG,2,5,4,Divorced,Binary,Secondary,English,No
0930,Chinese,57,15,21,NG,5,4,4,Single,,Pre-K,English,No
0931,Indian,37,8,40,NG,4,3,5,Single,Binary,Pre-K,Language,No
0932,European,27,3,48,PG,5,1,4,Divorced,Female,Pre-K,English,No
0933,European,26,8,44,PG,5,3,9,Single,Male,Secondary,English,No
0934,Malay,50,9,34,PG,1,3,5,Married,Male,Pre-K,Language,No
0935,European,53,15,45,PG,1,1,2,Single,Female,Secondary,English,No
0936,Chinese,29,8,18,NG,3,1,3,Divorced,Male,Primary,English,No
0937,European,33,1,28,UG,5,1,4,Divorced,Male,Pre-K,English,No
0938,Indian,43,11,18,NG,1,3,3,Married,Binary,Primary,Language,No
0939,Malay,28,12,49,PG,2,1,1,Married,Male,Secondary,English,No
0940,European,33,7,45,PG,4,5,9,Single,Male,Primary,STEM,No
0941,Indian,21,3,10,PG,4,5,1,Single,Binary,Pre-K,English,No
0942,,55,1,48,PG,5,1,8,Divorced,Male,Pre-K,Language,No
0943,Malay,39,3,19,PG,4,3,9,Single,Female,Primary,STEM,No
0944,Chinese,29,14,20,PG,3,4,6,Divorced,Binary,Secondary,STEM,No
0945,Indian,60,11,18,PG,3,2,6,Single,Female,Secondary,STEM,No
0946,Chinese,54,9,47,UG,4,1,0,Divorced,Binary,Primary,STEM,No
0947,Indian,53,8,23,UG,3,1,2,Divorced,Male,Primary,English,No
0948,Malay,34,12,43,PG,1,4,2,Single,Male,Secondary,STEM,No
0949,Indian,54,9,33,NG,1,2,5,Single,Binary,Secondary,STEM,No
0950,Malay,55,10,21,UG,2,2,3,Married,Male,Secondary,Language,No
0951,Chinese,38,9,44,,1,2,10,Divorced,Female,Secondary,Language,No
0952,Chinese,30,11,16,UG,4,5,5,Married,Female,Primary,Language,No
0953,Chinese,47,12,47,PG,4,5,3,Divorced,Female,Pre-K,English,No
0954,Malay,49,5,49,PG,1,3,4,Divorced,Binary,Primary,English,No
0955,Malay,49,14,11,UG,4,1,2,Married,Binary,Secondary,STEM,No
0956,Indian,59,7,20,UG,3,5,1,Divorced,Male,Pre-K,Language,No
0957,Malay,40,8,36,UG,2,4,0,Single,Female,Primary,English,No
0958,European,55,2,46,PG,1,5,4,Single,Male,Pre-K,STEM,No
0959,European,47,10,39,PG,1,1,8,Single,Male,Pre-K,Language,No
0960,European,27,14,21,PG,3,5,5,Divorced,Binary,,English,No
0961,Indian,55,1,41,UG,1,5,1,Married,Male,Primary,Language,No
0962,Chinese,39,5,29,PG,1,2,8,Married,Male,Primary,English,No
0963,Indian,26,15,44,NG,1,1,8,Divorced,Female,Secondary,STEM,No
0964,European,28,6,21,NG,3,4,5,Divorced,Male,Secondary,English,No
0965,Chinese,52,5,12,PG,4,2,2,Single,Female,Pre-K,Language,No
0966,Chinese,53,3,41,UG,4,1,5,Divorced,Binary,Secondary,STEM,No
0967,Chinese,29,3,37,PG,5,3,0,Single,Female,Primary,Language,No
0968,European,52,3,29,UG,4,5,6,Divorced,Male,Secondary,STEM,No
0969,Chinese,45,15,46,UG,3,3,2,Divorced,Female,Secondary,Language,No
0970,Malay,43,2,22,PG,2,4,1,Divorced,Male,Pre-K,Language,No
0971,Indian,60,5,38,UG,4,1,3,Married,Binary,Primary,English,No
0972,Malay,26,10,44,NG,4,5,4,Single,Male,Pre-K,STEM,No
0973,European,40,10,23,UG,1,5,4,Divorced,Binary,Secondary,STEM,No
0974,Chinese,24,5,24,NG,1,5,9,Divorced,Male,Pre-K,STEM,No
0975,European,45,4,11,PG,5,5,8,Divorced,Female,Secondary,Language,No
0976,Chinese,45,9,40,NG,1,4,9,Divorced,Female,Primary,STEM,No
0977,Malay,50,3,11,UG,2,5,5,Single,Binary,Pre-K,STEM,No
0978,European,47,15,50,UG,3,2,6,Married,Male,Secondary,Language,No
0979,Chinese,37,4,26,PG,1,1,3,Divorced,Female,Secondary,Language,No
0980,European,35,5,12,PG,1,3,3,Divorced,Binary,Primary,STEM,No
0981,Malay,32,5,30,PG,1,5,0,Married,Binary,Primary,Language,No
0982,European,31,9,37,NG,2,3,1,Married,Binary,Pre-K,STEM,No
0983,Chinese,31,8,37,PG,3,1,5,Divorced,Binary,Secondary,English,No
0984,Indian,32,13,13,UG,2,2,10,Single,Binary,Secondary,STEM,No
0985,Malay,50,12,23,PG,1,4,7,Divorced,Male,Pre-K,STEM,No
0986,Indian,48,13,34,NG,2,2,0,Divorced,Female,Pre-K,Language,No
0987,Chinese,34,8,38,UG,5,3,0,Married,Female,Primary,English,No
0988,European,32,11,14,PG,5,3,8,Single,Binary,Secondary,English,No
0989,Malay,45,14,10,UG,5,3,6,Single,Female,Pre-K,Language,No
0990,European,25,13,32,PG,4,3,3,Divorced,Male,Secondary,English,No
0991,Malay,60,6,24,PG,5,5,2,Divorced,Female,Secondary,STEM,No
0992,Chinese,57,11,22,UG,5,4,0,Single,Female,Primary,English,No
0993,Chinese,52,7,28,UG,2,5,9,Single,Male,Primary,English,No
0994,Indian,39,15,45,PG,2,1,3,Divorced,Female,Secondary,English,No
0995,Chinese,26,11,47,PG,3,5,5,Divorced,Male,Pre-K,English,No
0996,European,47,4,24,PG,5,4,9,Married,Female,Secondary,English,No
0997,Chinese,60,13,14,UG,4,4,1,Single,Male,Secondary,STEM,No
0998,Indian,22,2,46,UG,4,3,7,Married,Female,Primary,Language,No
0999,,32,8,24,UG,4,1,8,Married,Female,Pre-K,STEM,No

1000,Indian,36,11,44,UG,1,5,9,Married,Binary,Pre-K,Language,No
